<?xml version="1.0" encoding="UTF-8"?>
<project-private xmlns="http://www.netbeans.org/ns/project-private/1">
    <editor-bookmarks xmlns="http://www.netbeans.org/ns/editor-bookmarks/2" lastBookmarkId="0"/>
    <open-files xmlns="http://www.netbeans.org/ns/projectui-open-files/2">
        <group>
            <file>file:/E:/DKIT%20College/2016/Project%202016/OOP/NicoleProjectoop/src/nicoleproject/Item.java</file>
            <file>file:/E:/DKIT%20College/2016/Project%202016/OOP/NicoleProjectoop/src/nicoleproject/Order.java</file>
        </group>
    </open-files>
</project-private>
