<?xml version="1.0" encoding="UTF-8"?>
<project-private xmlns="http://www.netbeans.org/ns/project-private/1">
    <editor-bookmarks xmlns="http://www.netbeans.org/ns/editor-bookmarks/2" lastBookmarkId="0"/>
    <open-files xmlns="http://www.netbeans.org/ns/projectui-open-files/2">
        <group>
            <file>file:/E:/DKIT%20College%202016-2017/DKIT%202016-2017/2017/project%202017/oop/version%203/Version/src/version3/CustomerData.java</file>
            <file>file:/E:/DKIT%20College%202016-2017/DKIT%202016-2017/2017/project%202017/oop/version%203/Version/src/version3/startupApp.java</file>
            <file>file:/E:/DKIT%20College%202016-2017/DKIT%202016-2017/2017/project%202017/oop/version%203/Version/src/version3/OrderList.java</file>
            <file>file:/E:/DKIT%20College%202016-2017/DKIT%202016-2017/2017/project%202017/oop/version%203/Version/src/version3/BusinessCustomer.java</file>
            <file>file:/E:/DKIT%20College%202016-2017/DKIT%202016-2017/2017/project%202017/oop/version%203/Version/src/version3/Customer.java</file>
            <file>file:/E:/DKIT%20College%202016-2017/DKIT%202016-2017/2017/project%202017/oop/version%203/Version/src/version3/App.java</file>
            <file>file:/E:/DKIT%20College%202016-2017/DKIT%202016-2017/2017/project%202017/oop/version%203/Version/src/version3/Item.java</file>
            <file>file:/E:/DKIT%20College%202016-2017/DKIT%202016-2017/2017/project%202017/oop/version%203/Version/src/version3/PrivateCustomer.java</file>
            <file>file:/E:/DKIT%20College%202016-2017/DKIT%202016-2017/2017/project%202017/oop/version%203/Version/src/version3/Order.java</file>
            <file>file:/E:/DKIT%20College%202016-2017/DKIT%202016-2017/2017/project%202017/oop/version%203/Version/src/version3/Stock.java</file>
        </group>
    </open-files>
</project-private>
